,,ddG av,ddG err
l10,l11,-0.6322865,0.08
l11,l10,1.04168,0.08
l10,l13,-0.0024335,0.10
l13,l10,0.4295065,0.10
l10,l14,-1.5286315,0.14
l14,l10,1.2273605,0.14
l10,l24,-1.445899,0.09
l24,l10,1.4564845,0.09
l11,l12,0.0490285,0.07
l12,l11,-0.265073,0.07
l11,l25,-0.7128285,0.07
l25,l11,0.239697,0.07
l12,l25,-0.5667525,0.07
l25,l12,-0.215667,0.07
l13,l24,0.156022,0.40
l24,l13,0.676157,0.42
l14,l16,-0.762706,0.07
l16,l14,1.130492,0.07
l14,l17,-0.4475525,0.07
l17,l14,0.493885,0.07
l16,l17,1.4190645,0.10
l17,l16,0.2916255,0.10
l17,l18,-0.166411,0.08
l18,l17,0.575773,0.08
l18,l19,-0.1418755,0.06
l19,l18,-0.137611,0.06
l18,l20,-0.163865,0.04
l20,l18,-0.0437555,0.04
l19,l20,-0.3307285,0.07
l20,l19,-0.1986905,0.07
l19,l21,-0.532321,0.10
l21,l19,0.422028,0.10
l20,l21,0.2872855,0.07
l21,l20,0.2397255,0.07
l21,l25,2.3823505,2.09
l25,l21,-2.889273,1.35